                  epoch,         train/box_loss,         train/cls_loss,         train/dfl_loss,   metrics/precision(B),      metrics/recall(B),       metrics/mAP50(B),    metrics/mAP50-95(B),           val/box_loss,           val/cls_loss,           val/dfl_loss,                 lr/pg0,                 lr/pg1,                 lr/pg2
                      1,                 1.6493,                 2.8844,                 1.4423,                0.96752,                0.31369,                0.32147,                0.20046,                 1.3789,                 2.3471,                  1.194,             0.00036893,             0.00036893,             0.00036893
                      2,                  1.357,                 1.5597,                 1.1711,                0.98287,                0.31907,                0.32846,                0.21394,                 1.1721,                 1.6832,                 1.1066,             0.00059289,             0.00059289,             0.00059289
                      3,                 1.2928,                 1.1816,                 1.1182,                0.63857,                0.31729,                0.32371,                0.21975,                 1.1376,                 1.4748,                 1.1194,              0.0006702,              0.0006702,              0.0006702
                      4,                 1.2166,                0.99512,                 1.0802,                0.31105,                0.32339,                0.32539,                0.23074,                 1.0502,                 1.2505,                  1.045,             0.00045107,             0.00045107,             0.00045107
                      5,                 1.1851,                0.91835,                  1.072,                0.30225,                 0.3262,                0.32441,                 0.2296,                 1.0324,                 1.2414,                 1.0412,             0.00045107,             0.00045107,             0.00045107
